公開元,データセット,公開URL,目撃年月日,原本の市町村欄,原本の場所欄,原本の緯度,原本の経度,座標の実際の市町村コード,座標の実際の大字,判定,根拠
"富山県 自然保護課","ツキノワグマ出没情報「クマっぷ」","https://www.pref.toyama.jp/1709/kurashi/kankyoushizen/shizen/yaseiseibutsu/kumap.html","2025-12-03","富山市","砺波市庄川町金屋","36.56586691800004","136.9804942840001","16208","庄川町金屋","市町村名が誤り","座標の実際の大字「庄川町金屋」が記録の地名と一致。座標は記録どおりの場所を指しており、市町村名の欄のみ誤り"
"富山県 自然保護課","ツキノワグマ出没情報「クマっぷ」","https://www.pref.toyama.jp/1709/kurashi/kankyoushizen/shizen/yaseiseibutsu/kumap.html","2025-11-05","立山町","上市町野島","36.70132060000003","137.38621840000008","16322","野島","市町村名が誤り","座標の実際の大字「野島」が記録の地名と一致。座標は記録どおりの場所を指しており、市町村名の欄のみ誤り"
"富山県 自然保護課","ツキノワグマ出没情報「クマっぷ」","https://www.pref.toyama.jp/1709/kurashi/kankyoushizen/shizen/yaseiseibutsu/kumap.html","2025-10-29","南砺市","砺波市芹谷","36.63666020000005","137.0329891","16208","芹谷","市町村名が誤り","座標の実際の大字「芹谷」が記録の地名と一致。座標は記録どおりの場所を指しており、市町村名の欄のみ誤り"
"富山県 自然保護課","ツキノワグマ出没情報「クマっぷ」","https://www.pref.toyama.jp/1709/kurashi/kankyoushizen/shizen/yaseiseibutsu/kumap.html","2019-07-31","魚津市","北鬼江","36.69282950000007","137.10031000000004","16211","黒河","座標が誤り","「富山県魚津市北鬼江」は実在し 36.83204,137.40366。記録の座標は別の大字「黒河」を指しており座標が誤り"
"富山県 自然保護課","ツキノワグマ出没情報「クマっぷ」","https://www.pref.toyama.jp/1709/kurashi/kankyoushizen/shizen/yaseiseibutsu/kumap.html","2021-10-13","南砺市","瀬戸","36.571629200000075","137.27256050000005","16201","瀬戸","市町村名が誤り","座標の実際の大字「瀬戸」が記録の地名と一致。座標は記録どおりの場所を指しており、市町村名の欄のみ誤り"
"山梨県","令和7年度 クマ出没・目撃情報","https://catalog.dataplatform-yamanashi.jp/dataset/kuma1","2026-05-29","忍野村","忍野村内野","35.272153","138.51528","19366","下佐野","座標が誤り","「山梨県忍野村内野」は実在し 35.46158,138.87039。記録の座標は別の大字「下佐野」を指しており座標が誤り"
"京都府","ツキノワグマ目撃情報（オープンデータ）","https://data.bodik.jp/dataset/260002_bear","2009-06-03","舞鶴市","舞鶴市桜が丘地内","35.315686","135.277004","26203","下八田町","判定不能","「京都府舞鶴市桜が丘地内」は国土地理院で確認できず（返り値=京都府舞鶴市）。座標の大字は「下八田町」で記録と一致せず、どちらが誤りか確定できない"
"京都府","ツキノワグマ目撃情報（オープンデータ）","https://data.bodik.jp/dataset/260002_bear","2009-09-05","舞鶴市","舞鶴市志高","35.352934","135.347924","26203","十倉名畑町","座標が誤り","「京都府舞鶴市志高」は実在し 35.43344,135.24855。記録の座標は別の大字「十倉名畑町」を指しており座標が誤り"
"京都府","ツキノワグマ目撃情報（オープンデータ）","https://data.bodik.jp/dataset/260002_bear","2010-03-28","宮津市","宮津市香河","35.508088","135.120908","26465","字明石","判定不能","「京都府宮津市香河」は国土地理院で確認できず（返り値=京都府宮津市）。座標の大字は「字明石」で記録と一致せず、どちらが誤りか確定できない"
"京都府","ツキノワグマ目撃情報（オープンデータ）","https://data.bodik.jp/dataset/260002_bear","2010-07-02","京都市","京都市","35.319181","135.155956","26201","字川北","判定不能","地名の手掛かりが不足"
"京都府","ツキノワグマ目撃情報（オープンデータ）","https://data.bodik.jp/dataset/260002_bear","2010-07-31","京丹後市","京丹後市字喜多","35.516511","135.184392","26205","字喜多","市町村名が誤り","座標の実際の大字「字喜多」が記録の地名と一致。座標は記録どおりの場所を指しており、市町村名の欄のみ誤り"
"京都府","ツキノワグマ目撃情報（オープンデータ）","https://data.bodik.jp/dataset/260002_bear","2010-09-14","舞鶴市","舞鶴市瘤木","35.362231","135.101958","26201","字瘤木","市町村名が誤り","座標の実際の大字「字瘤木」が記録の地名と一致。座標は記録どおりの場所を指しており、市町村名の欄のみ誤り"
"京都府","ツキノワグマ目撃情報（オープンデータ）","https://data.bodik.jp/dataset/260002_bear","2010-09-29","福知山市","福知山市位田町浦壁","35.311742","135.253114","26203","位田町","市町村名が誤り","座標の実際の大字「位田町」が記録の地名と一致。座標は記録どおりの場所を指しており、市町村名の欄のみ誤り"
"京都府","ツキノワグマ目撃情報（オープンデータ）","https://data.bodik.jp/dataset/260002_bear","2010-10-15","福知山市","福知山市字上根","35.423231","135.380739","26202","字上根","市町村名が誤り","座標の実際の大字「字上根」が記録の地名と一致。座標は記録どおりの場所を指しており、市町村名の欄のみ誤り"
"京都府","ツキノワグマ目撃情報（オープンデータ）","https://data.bodik.jp/dataset/260002_bear","2010-10-17","舞鶴市","舞鶴市向田町岬ヶ岐","35.365233","135.246058","26203","向田町","市町村名が誤り","座標の実際の大字「向田町」が記録の地名と一致。座標は記録どおりの場所を指しており、市町村名の欄のみ誤り"
"京都府","ツキノワグマ目撃情報（オープンデータ）","https://data.bodik.jp/dataset/260002_bear","2010-10-20","舞鶴市","舞鶴市淵垣","35.323014","135.291597","26203","渕垣町","市町村名が誤り","座標の実際の大字「渕垣町」が記録の地名と一致。座標は記録どおりの場所を指しており、市町村名の欄のみ誤り"
"京都府","ツキノワグマ目撃情報（オープンデータ）","https://data.bodik.jp/dataset/260002_bear","2010-10-21","京丹後市","京丹後市宮津市字日置","35.614908","135.227994","26205","字日置","市町村名が誤り","座標の実際の大字「字日置」が記録の地名と一致。座標は記録どおりの場所を指しており、市町村名の欄のみ誤り"
"京都府","ツキノワグマ目撃情報（オープンデータ）","https://data.bodik.jp/dataset/260002_bear","2010-10-21","京丹後市","京丹後市宮津市字日置","35.613594","135.225939","26205","字日置","市町村名が誤り","座標の実際の大字「字日置」が記録の地名と一致。座標は記録どおりの場所を指しており、市町村名の欄のみ誤り"
"京都府","ツキノワグマ目撃情報（オープンデータ）","https://data.bodik.jp/dataset/260002_bear","2010-10-25","舞鶴市","舞鶴市八津合町","35.358156","135.406083","26203","八津合町","市町村名が誤り","座標の実際の大字「八津合町」が記録の地名と一致。座標は記録どおりの場所を指しており、市町村名の欄のみ誤り"
"京都府","ツキノワグマ目撃情報（オープンデータ）","https://data.bodik.jp/dataset/260002_bear","2010-10-29","舞鶴市","舞鶴市上八田町","35.354914","135.269086","26203","上八田町","市町村名が誤り","座標の実際の大字「上八田町」が記録の地名と一致。座標は記録どおりの場所を指しており、市町村名の欄のみ誤り"
"京都府","ツキノワグマ目撃情報（オープンデータ）","https://data.bodik.jp/dataset/260002_bear","2010-11-08","舞鶴市","舞鶴市字猪崎","35.301647","135.137403","26201","字猪崎","市町村名が誤り","座標の実際の大字「字猪崎」が記録の地名と一致。座標は記録どおりの場所を指しており、市町村名の欄のみ誤り"
"京都府","ツキノワグマ目撃情報（オープンデータ）","https://data.bodik.jp/dataset/260002_bear","2011-06-17","舞鶴市","舞鶴市堂奥","35.344361","135.031562","26201","字宮垣","座標が誤り","「京都府舞鶴市堂奥」は実在し 35.46133,135.42120。記録の座標は別の大字「字宮垣」を指しており座標が誤り"
"京都府","ツキノワグマ目撃情報（オープンデータ）","https://data.bodik.jp/dataset/260002_bear","2011-07-08","福知山市","福知山市字雲原","35.598846","135.059252","26212","峰山町長岡","座標が誤り","「京都府福知山市雲原」は実在し 35.42486,135.06496。記録の座標は別の大字「峰山町長岡」を指しており座標が誤り"
"京都府","ツキノワグマ目撃情報（オープンデータ）","https://data.bodik.jp/dataset/260002_bear","2011-08-12","舞鶴市","舞鶴市字下東","35.391227","135.120726","26201","大江町小原田","座標が誤り","「京都府舞鶴市下東」は実在し 35.45872,135.28966。記録の座標は別の大字「大江町小原田」を指しており座標が誤り"
"京都府","ツキノワグマ目撃情報（オープンデータ）","https://data.bodik.jp/dataset/260002_bear","2011-10-08","舞鶴市","舞鶴市字福来","35.450606","135.039324","28209","但東町薬王寺","座標が誤り","「京都府舞鶴市福来」は実在し 35.44353,135.35339。記録の座標は別の大字「但東町薬王寺」を指しており座標が誤り"
"京都府","ツキノワグマ目撃情報（オープンデータ）","https://data.bodik.jp/dataset/260002_bear","2011-10-15","綾部市","綾部市多田町","35.314664","135.10602","26201","字荒河","座標が誤り","「京都府綾部市多田町」は実在し 35.32070,135.26916。記録の座標は別の大字「字荒河」を指しており座標が誤り"
"京都府","ツキノワグマ目撃情報（オープンデータ）","https://data.bodik.jp/dataset/260002_bear","2011-10-22","舞鶴市","舞鶴市三和町千束","35.218669","135.236982","26201","三和町千束","市町村名が誤り","座標の実際の大字「三和町千束」が記録の地名と一致。座標は記録どおりの場所を指しており、市町村名の欄のみ誤り"
"京都府","ツキノワグマ目撃情報（オープンデータ）","https://data.bodik.jp/dataset/260002_bear","2011-10-25","亀岡市","伊根町字峠","35.710306","135.262906","26463","字本庄上","判定不能","「京都府亀岡市伊根町字峠」は国土地理院で確認できず（返り値=京都府亀岡市）。座標の大字は「字本庄上」で記録と一致せず、どちらが誤りか確定できない"
"京都府","ツキノワグマ目撃情報（オープンデータ）","https://data.bodik.jp/dataset/260002_bear","2011-11-04","京丹後市","京丹後市字滝馬","35.528122","135.187194","26205","字滝馬","市町村名が誤り","座標の実際の大字「字滝馬」が記録の地名と一致。座標は記録どおりの場所を指しており、市町村名の欄のみ誤り"
"京都府","ツキノワグマ目撃情報（オープンデータ）","https://data.bodik.jp/dataset/260002_bear","2011-12-01","綾部市","綾部市字大波上","35.506771","135.421897","26202","字大波上","市町村名が誤り","座標の実際の大字「字大波上」が記録の地名と一致。座標は記録どおりの場所を指しており、市町村名の欄のみ誤り"
"京都府","ツキノワグマ目撃情報（オープンデータ）","https://data.bodik.jp/dataset/260002_bear","2012-08-02","綾部市","綾部市於与岐町細迫","35.215081","135.326281","26407","三ノ宮","判定不能","「京都府綾部市於与岐町細迫」は国土地理院で確認できず（返り値=京都府綾部市於与岐町）。座標の大字は「三ノ宮」で記録と一致せず、どちらが誤りか確定できない"
"京都府","ツキノワグマ目撃情報（オープンデータ）","https://data.bodik.jp/dataset/260002_bear","2012-08-16","与謝野町","与謝野町石川","35.579315","135.118648","26212","大宮町森本","座標が誤り","「京都府与謝野町石川」は実在し 35.52934,135.13896。記録の座標は別の大字「大宮町森本」を指しており座標が誤り"
"京都府","ツキノワグマ目撃情報（オープンデータ）","https://data.bodik.jp/dataset/260002_bear","2013-08-22","綾部市","綾部市味方町","35.300897","135.485556","26213","美山町三埜","座標が誤り","「京都府綾部市味方町」は実在し 35.29964,135.27525。記録の座標は別の大字「美山町三埜」を指しており座標が誤り"
"京都府","ツキノワグマ目撃情報（オープンデータ）","https://data.bodik.jp/dataset/260002_bear","2013-09-01","福知山市","福知山市一ノ宮","35.460683","135.460683","26202","字多門院","座標が誤り","「京都府福知山市一ノ宮」は実在し 35.36605,135.04700。記録の座標は別の大字「字多門院」を指しており座標が誤り"
"京都府","ツキノワグマ目撃情報（オープンデータ）","https://data.bodik.jp/dataset/260002_bear","2013-09-05","京都市","与謝野町字幾地","35.533333","135.091944","26465","字幾地","市町村名が誤り","座標の実際の大字「字幾地」が記録の地名と一致。座標は記録どおりの場所を指しており、市町村名の欄のみ誤り"
"京都府","ツキノワグマ目撃情報（オープンデータ）","https://data.bodik.jp/dataset/260002_bear","2013-09-09","綾部市","綾部市上杉町","35.346606","135.346606","26203","十倉名畑町","座標が誤り","「京都府綾部市上杉町」は実在し 35.36464,135.32286。記録の座標は別の大字「十倉名畑町」を指しており座標が誤り"
"京都府","ツキノワグマ目撃情報（オープンデータ）","https://data.bodik.jp/dataset/260002_bear","2015-07-21","綾部市","綾部市桜ヶ丘（市道高津旭線）","35.315881","135.315881","26203","旭町","座標が誤り","「京都府綾部市桜ヶ丘（市道高津旭線）」は実在し 35.31854,135.27565。記録の座標は別の大字「旭町」を指しており座標が誤り"
"京都府","ツキノワグマ目撃情報（オープンデータ）","https://data.bodik.jp/dataset/260002_bear","2015-07-22","宮津市","宮津市成相寺","35.595556","135.020556","26212","峰山町久次","座標が誤り","「京都府宮津市成相寺」は実在し 35.59576,135.18805。記録の座標は別の大字「峰山町久次」を指しており座標が誤り"
"京都府","ツキノワグマ目撃情報（オープンデータ）","https://data.bodik.jp/dataset/260002_bear","2015-08-04","京丹波町","京丹波町井尻","35.176125","135.176125","28223","市島町多利","座標が誤り","「京都府京丹波町井尻」は実在し 35.17780,135.35234。記録の座標は別の大字「市島町多利」を指しており座標が誤り"
"京都府","ツキノワグマ目撃情報（オープンデータ）","https://data.bodik.jp/dataset/260002_bear","2015-08-14","宮津市","宮津市畑","35.604167","135.029444","26212","峰山町新治","判定不能","地名の手掛かりが不足"
"京都府","ツキノワグマ目撃情報（オープンデータ）","https://data.bodik.jp/dataset/260002_bear","2016-08-28","綾部市","綾部市田野町","35.280778","135.388011","26407","中","座標が誤り","「京都府綾部市田野町」は実在し 35.27943,135.25330。記録の座標は別の大字「中」を指しており座標が誤り"
"京都府","ツキノワグマ目撃情報（オープンデータ）","https://data.bodik.jp/dataset/260002_bear","2016-08-31","福知山市","福知山市下佐々木","35.373383","135.401961","26203","八津合町","座標が誤り","「京都府福知山市下佐々木」は実在し 35.37611,135.04556。記録の座標は別の大字「八津合町」を指しており座標が誤り"
"京都府","ツキノワグマ目撃情報（オープンデータ）","https://data.bodik.jp/dataset/260002_bear","2016-11-17","伊根町","伊根町本庄上","35.573056","135.253611","","","座標が誤り","「京都府伊根町本庄上」は実在し 35.71826,135.25389。記録の座標は別の大字「?」を指しており座標が誤り"
"京都府","ツキノワグマ目撃情報（オープンデータ）","https://data.bodik.jp/dataset/260002_bear","2016-11-30","福知山市","福知山市筈巻","35.348231","135.348231","26203","十倉名畑町","座標が誤り","「京都府福知山市筈巻」は実在し 35.35217,135.11926。記録の座標は別の大字「十倉名畑町」を指しており座標が誤り"
"京都府","ツキノワグマ目撃情報（オープンデータ）","https://data.bodik.jp/dataset/260002_bear","2016-12-21","伊根町","伊根町塩谷","35.266111","135.448889","26407","長瀬","判定不能","「京都府伊根町塩谷」は国土地理院で確認できず（返り値=京都府伊根町）。座標の大字は「長瀬」で記録と一致せず、どちらが誤りか確定できない"
"京都府","ツキノワグマ目撃情報（オープンデータ）","https://data.bodik.jp/dataset/260002_bear","2017-05-13","舞鶴市","舞鶴市別所","35.357594","135.410011","26203","八津合町","座標が誤り","「京都府舞鶴市別所」は実在し 35.41169,135.36331。記録の座標は別の大字「八津合町」を指しており座標が誤り"
"京都府","ツキノワグマ目撃情報（オープンデータ）","https://data.bodik.jp/dataset/260002_bear","2017-05-17","綾部市","綾部市とよさか町","35.559444","135.468456","26202","字田井","座標が誤り","「京都府綾部市とよさか町」は実在し 35.33021,135.28734。記録の座標は別の大字「字田井」を指しており座標が誤り"
"京都府","ツキノワグマ目撃情報（オープンデータ）","https://data.bodik.jp/dataset/260002_bear","2017-09-12","舞鶴市","舞鶴市下漆原","35.5315","135.242653","26205","字脇","座標が誤り","「京都府舞鶴市下漆原」は実在し 35.47187,135.24486。記録の座標は別の大字「字脇」を指しており座標が誤り"
"京都府","ツキノワグマ目撃情報（オープンデータ）","https://data.bodik.jp/dataset/260002_bear","2018-07-05","京丹後市","京丹後市与謝野町滝","35.479167","135.086667","26465","字滝","判定不能","「京都府京丹後市与謝野町滝」は国土地理院で確認できず（返り値=京都府京丹後市）。座標の大字は「字滝」で記録と一致せず、どちらが誤りか確定できない"
"京都府","ツキノワグマ目撃情報（オープンデータ）","https://data.bodik.jp/dataset/260002_bear","2018-07-26","与謝野町","与謝野町石川","35.661389","135.1225","26212","弥栄町溝谷","座標が誤り","「京都府与謝野町石川」は実在し 35.52934,135.13896。記録の座標は別の大字「弥栄町溝谷」を指しており座標が誤り"
"京都府","ツキノワグマ目撃情報（オープンデータ）","https://data.bodik.jp/dataset/260002_bear","2018-08-04","舞鶴市","舞鶴市佐波賀","35.350556","135.367114","26203","睦合町","座標が誤り","「京都府舞鶴市佐波賀」は実在し 35.50814,135.36592。記録の座標は別の大字「睦合町」を指しており座標が誤り"
"京都府","ツキノワグマ目撃情報（オープンデータ）","https://data.bodik.jp/dataset/260002_bear","2018-09-21","舞鶴市","舞鶴市西方寺","35.218261","135.447897","26407","下山","座標が誤り","「京都府舞鶴市西方寺」は実在し 35.46498,135.21492。記録の座標は別の大字「下山」を指しており座標が誤り"
"京都府","ツキノワグマ目撃情報（オープンデータ）","https://data.bodik.jp/dataset/260002_bear","2018-09-21","舞鶴市","舞鶴市瀬崎","35.538814","135.140344","26465","字石川","座標が誤り","「京都府舞鶴市瀬崎」は実在し 35.54285,135.36200。記録の座標は別の大字「字石川」を指しており座標が誤り"
"札幌市","札幌市ヒグマ出没情報 2025年度","https://ckan.pf-sapporo.jp/dataset/sapporo_bear_appearance","2025-10-04","西区","西区西野8条10丁目8番付近の西野都市環境林内(西野すみれ公園から北西に約100mの地点)","42.970083","141.292197","01106","白川","判定不能","「北海道西区西野8条10丁目8番付近の西野都市環境林内(西野すみれ公園から北西に約100mの地点)」は国土地理院で確認できず（返り値=北海道西興部）。座標の大字は「白川」で記録と一致せず、どちらが誤りか確定できない"
"青森県 自然保護課","クマ出没情報","https://www.pref.aomori.lg.jp/soshiki/kankyo/shizen/kuma_cyuui.html","2019-06-15","深浦町","一ツ森地区","40.6683802","140.1490241","02321","大字一ツ森町","市町村名が誤り","座標の実際の大字「大字一ツ森町」が記録の地名と一致。座標は記録どおりの場所を指しており、市町村名の欄のみ誤り"
"青森県 自然保護課","クマ出没情報","https://www.pref.aomori.lg.jp/soshiki/kankyo/shizen/kuma_cyuui.html","2022-07-16","佐井村長後地区","","41.2655383","140.867826","02208","川内町","判定不能","地名の手掛かりが不足"
"青森県 自然保護課","クマ出没情報","https://www.pref.aomori.lg.jp/soshiki/kankyo/shizen/kuma_cyuui.html","2022-05-26","階上町鳥屋部下平地区","","40.378191","141.3597924","02445","大字鳥舌内","判定不能","地名の手掛かりが不足"
"青森県 自然保護課","クマ出没情報","https://www.pref.aomori.lg.jp/soshiki/kankyo/shizen/kuma_cyuui.html","2024-06-21","六戸町尾鮫地区","","40.9750451","141.3632951","02411","大字尾駮","判定不能","地名の手掛かりが不足"
"青森県 自然保護課","クマ出没情報","https://www.pref.aomori.lg.jp/soshiki/kankyo/shizen/kuma_cyuui.html","2025-06-08","八戸市赤保内地区","","40.4350637","141.6307821","02446","大字赤保内","市町村名が誤り","座標の実際の大字「大字赤保内」が記録の地名と一致。座標は記録どおりの場所を指しており、市町村名の欄のみ誤り"
"青森県 自然保護課","クマ出没情報","https://www.pref.aomori.lg.jp/soshiki/kankyo/shizen/kuma_cyuui.html","2025-06-24","むつ市城ケ沢地区","","41.2480204","141.1535757","02208","大字城ヶ沢","市町村名が誤り","座標の実際の大字「大字城ヶ沢」が記録の地名と一致。座標は記録どおりの場所を指しており、市町村名の欄のみ誤り"
"青森県 自然保護課","クマ出没情報","https://www.pref.aomori.lg.jp/soshiki/kankyo/shizen/kuma_cyuui.html","2025-08-14","六ヶ所村出戸地区","","40.8458734","141.3961234","02207","大字三沢","判定不能","地名の手掛かりが不足"
"石川県 自然環境課","令和7年度 ツキノワグマ目撃・痕跡情報","https://www.pref.ishikawa.lg.jp/sizen/kuma/navi01.html","2025-06-01","津幡町","九折地内","36.40201","136.48462","17203","八幡","座標が誤り","「石川県津幡町九折地内」は実在し 36.67668,136.81462。記録の座標は別の大字「八幡」を指しており座標が誤り"
"石川県 自然環境課","令和7年度 ツキノワグマ目撃・痕跡情報","https://www.pref.ishikawa.lg.jp/sizen/kuma/navi01.html","2025-06-28","能美市","松が岡1丁目","36.40357","136.529962","17203","鵜川町","判定不能","「石川県能美市松が岡1丁目」は国土地理院で確認できず（返り値=石川県能美市松が岡一丁目）。座標の大字は「鵜川町」で記録と一致せず、どちらが誤りか確定できない"
"ひぐまっぷ（ダッピスタジオ合同会社）／入力は参加市町村","ヒグマ出没情報","https://higumap.info/","2024-10-02","北見市","","43.62658574652106","143.64057540893558","01648","字小利別","判定不能","地名の手掛かりが不足"
"岐阜県（入力は各市町村）","ツキノワグマ情報マップ","https://gifu-opendata.pref.gifu.lg.jp/dataset/c11265-010","2023-06-05","白川村","","36.36016846154769","136.87267400288883","21604","大字小白川","判定不能","地名の手掛かりが不足"
"岐阜県（入力は各市町村）","ツキノワグマ情報マップ","https://gifu-opendata.pref.gifu.lg.jp/dataset/c11265-010","2021-07-15","岐阜市","関市板取岩本","35.71875728601418","136.80420327858945","21205","板取","市町村名が誤り","座標の実際の大字「板取」が記録の地名と一致。座標は記録どおりの場所を指しており、市町村名の欄のみ誤り"